{
    "0015421d-0055-311e-0000-000081485c5b": {
        "max_profit": -0.004354488539860595
    },
    "0015421d-0055-311e-0000-000081485c73": {
        "max_profit": -0.004664482486658352
    },
    "0015421d-0055-311e-0000-000081485ce8": {
        "max_profit": -0.005558615981956228
    }
}