{
    "0015421d-0001-54c4-0000-000082e41a96": {
        "max_profit": 0
    },
    "0015421d-0001-54c4-0000-000082e44504": {
        "max_profit": 0
    },
    "0015421d-0001-54c4-0000-000082e43421": {
        "max_profit": 0
    },
    "0015421d-0001-54c4-0000-000082e918ff": {
        "max_profit": 0.023211973633875768
    },
    "0015421d-0001-54c4-0000-000082e9737b": {
        "max_profit": 0.008935549226079581
    },
    "0015421d-0001-54c4-0000-000082e97508": {
        "max_profit": 0.007947130357407663
    },
    "0015421d-0001-54c4-0000-000082e97651": {
        "max_profit": 0.006728188604582964
    },
    "0015421d-0001-54c4-0000-000082e976ee": {
        "max_profit": 0.0063797067749329275
    },
    "0015421d-0001-54c4-0000-000082e9a927": {
        "max_profit": 0
    },
    "0015421d-0001-54c4-0000-000082e9b986": {
        "max_profit": 0
    }
}