{
    "0015421d-0001-54c4-0000-000082da0d6b": {
        "max_profit": 949.161488556487
    },
    "0015421d-0001-54c4-0000-000082da0e0b": {
        "max_profit": 948.233479958882
    },
    "0015421d-0001-54c4-0000-000082d9ea6e": {
        "max_profit": 935.3872415190169
    }
}