{
    "0015421d-0001-54c4-0000-000082c88c63": {
        "max_profit": 954.0068192957056
    },
    "0015421d-0001-54c4-0000-000082c88b57": {
        "max_profit": 952.7795948083419
    },
    "0015421d-0001-54c4-0000-000082cba4bf": {
        "max_profit": 952.3388201781298
    },
    "0015421d-0001-54c4-0000-000082cba4e7": {
        "max_profit": 955.0812598820947
    },
    "0015421d-0001-54c4-0000-000082cba564": {
        "max_profit": 951.0160592980894
    },
    "0015421d-0001-54c4-0000-000082cba5fb": {
        "max_profit": 951.24336587264
    },
    "0015421d-0001-54c4-0000-000082cbb034": {
        "max_profit": 953.9211368437838
    },
    "0015421d-0001-54c4-0000-000082cbb06e": {
        "max_profit": 952.5007456398556
    },
    "0015421d-0001-54c4-0000-000082cbbddf": {
        "max_profit": 957.575656483035
    },
    "0015421d-0001-54c4-0000-000082cbbdf7": {
        "max_profit": 957.6010664173787
    },
    "0015421d-0001-54c4-0000-000082cbc6a9": {
        "max_profit": 951.2183008300126
    },
    "0015421d-0001-54c4-0000-000082cbc69a": {
        "max_profit": 952.971460846647
    },
    "0015421d-0001-54c4-0000-000082cbcc51": {
        "max_profit": 952.6827090490068
    }
}