{
    "0015421d-0001-54c4-0000-000082f55b1a": {
        "max_profit": 0
    },
    "0015421d-0001-54c4-0000-000082f5f812": {
        "max_profit": 0
    },
    "0015421d-0001-54c4-0000-000082ee6f09": {
        "max_profit": 0
    },
    "0015421d-0001-54c4-0000-000082f78af8": {
        "max_profit": 0.0002578538985617301
    },
    "0015421d-0001-54c4-0000-000082f78b2a": {
        "max_profit": 0.0001727058511797165
    }
}