{
    "0015421d-0001-54c4-0000-000082d0ff9c": {
        "max_profit": 951.8618963149544
    },
    "0015421d-0001-54c4-0000-000082d109fb": {
        "max_profit": 953.1422101013584
    }
}